<?xml version="1.0" encoding="UTF-8"?>
<!DOCTYPE mapper
  PUBLIC "-//mybatis.org//DTD Mapper 3.0//EN"
  "http://mybatis.org/dtd/mybatis-3-mapper.dtd">
	<mapper namespace="mapper">
	
	<!-- #{}는 vo에 있는 변수이름 -->
	<select id="select" resultType="com.proten.bean.BoardVO">
		select no, title, content, writer, regDate, DATE_FORMAT(regDate, '%Y-%m-%d') as 'date', viewCnt
		 from ec_board  where delYn = 'N'
	</select>
	
	<select id="view" parameterType="int" resultType="com.proten.bean.BoardVO">
		select *
		 from ec_board where no = #{no}
	</select>
	
	<insert id="insert" parameterType="com.proten.bean.BoardVO">
		insert into ec_board (title, content, writer) 
		values(#{title}, #{content}, #{writer});
	</insert>
	
	<update id="update" parameterType="com.proten.bean.BoardVO">
	 	update ec_board set title = #{title},
	                     content = #{content},
	                     regDate = now()
	              where  no = #{no}
	</update>
	
	<update id="delete" parameterType="int">
	 	update ec_board 
	 					set delYn = 'Y'
	              where  no = #{no}
	
	</update>
	</mapper>